BAB 1,,
KANA,KANJI,ARTI
KATA KERJA GOL. 1 (GODAN),,
ちがいます,違います,Salah / berbeda
すんでいます,住んでいます,Tinggal / bermukim
KATA KERJA GOL. 3 (FUKISOKU),,
きました,来ました,Datang
KATA GANTI ORANG & SUBJEK,,
おまえ,お前,Kamu (kasar)
わたし,私,Saya
あのかた,あの方,Orang itu (lebih sopan)
あなた,貴方,Kamu
わたしたち,私たち,Kami
ちち,父,Ayah (saya)
おとうと,弟,Adik laki-laki (saya)
いもうと,妹,Adik perempuan (saya)
あのひと,あの人,Orang itu
あに,兄,Kakak laki-laki (saya)
あね,姉,Kakak perempuan (saya)
はは,母,Ibu (saya)
きみ,君,Kamu
こども,子供,Anak (saya)
かのじょ,彼女,Dia (perempuan)
かれら,彼ら,Mereka
おれ,俺,Saya (kasar)
かれ,彼,Dia (laki-laki)
〜さん,,Mr. / Mrs.~ (orang)
おかあさん,お母さん,Ibu (orang)
おばあさん,お祖母さん,Nenek (orang)
おじいさん,お祖父さん,Kakek (orang)
おとうさん,お父さん,Ayah (orang)
おくさん,奥さん,Istri (orang)
おこさん,お子さん,Anak (orang)
みなさん,皆さん,Kalian semua
りょうしん,両親,Orang tua
ごしゅじん,ご主人,Suami (orang)
KELUARGA & HUBUNGAN SOSIAL,,
おい,甥,Keponakan laki-laki
きょうだい,兄弟,Saudara
しまい,姉妹,Saudara perempuan
めい,姪,Keponakan perempuan
かぞく,家族,Keluarga
いとこ,従兄弟 / 従姉妹,Sepupu
まご,孫,Cucu
かれし,彼氏,Pacar laki-laki
ともだち,友達,Teman
ままちち,継父,Ayah tiri
おっと,夫,Suami
こいびと,恋人,Pacar
ままはは,継母,Ibu tiri
そふ,祖父,Kakek
しゅふ,主婦,Ibu rumah tangga
そぼ,祖母,Nenek
つま,妻,Istri
おじさん,叔父さん / 伯父さん,Paman
おばさん,叔母さん / 伯母さん,Bibi
〜ちゃん,,(untuk anak kecil)
KATEGORI ORANG & GENDER,,
〜くん,〜君,(untuk laki-laki)
PROFESI & PEKERJAAN,,
がくせい,学生,Siswa
せんせい,先生,Guru / dosen
のうか,農家,Petani
かんごし,看護師,Perawat
けいさつ,警察,Polisi
せいと,生徒,Murid
いしゃ,医者,Dokter
ぎんこういん,銀行員,Pegawai bank
えきいん,駅員,Pegawai stasiun
こうむいん,公務員,Pegawai negeri
じむいん,事務員,Staff
しゃいん,社員,Karyawan
かいしゃいん,会社員,Pegawai perusahaan
しょうにん,商人,Pedagang
BAHASA & LINGUISTIK,,
インドネシア,,Indonesia
イギリス,,Inggris
INFRASTRUKTUR & TATA KOTA,,
しゅふ,主夫,Bapak rumah tangga
ANGKA DASAR (1 - 10),,
いっさい,一歳,1 tahun
にさい,二歳,2 tahun
さんさい,三歳,3 tahun
よんさい,四歳,4 tahun
ごさい,五歳,5 tahun
ろくさい,六歳,6 tahun
ななさい,七歳,7 tahun
はっさい,八歳,8 tahun
きゅうさい,九歳,9 tahun
じゅっさい,十歳,10 tahun
ANGKA BELASAN & PULUHAN,,
はたち,二十歳,20 tahun
KATA TANYA (GIMONSHI),,
なんさい,何歳,Berapa tahun?
どこ,何処,Dimana
どなた,何方,Siapa (lebih sopan)
おいくつ,お幾つ,Berapa usianya?
だれ,誰,Siapa
KATA TUNJUK (KOSOADO),,
から,,Dari
KATA KETERANGAN (FUKUSHI) & SAMBUNG,,
ひとりで,一人で,Sendirian
PARTIKEL & UNGKAPAN SALAM,,
はい,,Iya
あのう,,Hm…
いいえ,,Tidak
そう です,,(membenarkan)
KOSAKATA SERAPAN (KATAKANA),,
ロシア,,Rusia
マレーシア,,Malaysia
アジア,,Asia
ケニア,,Kenya
サウジアラビア,,Saudi Arabia
イタリア,,Italia
オーストラリア,,Australia
タイ,,Thailand
アフリカ,,Afrika
アメリカ,,Amerika
メキシコ,,Meksiko
トルコ,,Turki
スイス,,Swiss
フランス,,Prancis
カナダ,,Kanada
ドイツ,,Jerman
エジプト,,Mesir
インド,,India
ニュージーランド,,New Zealand
ヨーロッパ,,Eropa
ベトナム,,Vietnam
ブラジル,,Brazil
ネパール,,Nepal
シンガポール,,Singapura
スペイン,,Spanyol
フィリピン,,Filipina
タイワン,台湾,Taiwan
ミャンマー,,Myanmar
BANGUNAN & RUANGAN,,
りょう,寮,Asrama
みんしゅく,民宿,Guest house
りょかん,旅館,Penginapan
ゲストハウス,,Guest house
アパート,,Apartemen
ホテル,,Hotel
マンション,,Mansion
NEGARA & GEOGRAFI,,
いなか,田舎,Desa
かんこく,韓国,Korea Selatan
ちゅうごく,中国,China
まち,町,Kota
ふるさと,故郷,Kampung halaman
にほん,日本,Jepang
,,
BAB 2,,
KANA,KANJI,ARTI
KATA GANTI ORANG & SUBJEK,,
ひとり,一人,1 orang
ふたり,二人,2 orang
さんにん,三人,3 orang
よにん,四人,4 orang
ごにん,五人,5 orang
ろくにん,六人,6 orang
しちにん,七人,7 orang
はちにん,八人,8 orang
きゅうにん,九人,9 orang
じゅうにん,十人,10 orang
あいつ,彼奴,Orang itu *)
こいつ,此奴,Orang ini *)
ひと,人,Orang
おとこのひと,男の人,Orang laki-laki
おんなのひと,女の人,Orang perempuan
あいつら,彼奴等,Mereka *)
おにいさん,お兄さん,Kakak laki-laki (orang)
おねえさん,お姉さん,Kakak perempuan (orang)
むすこさん,息子さん,Anak laki-laki (orang)
おとうとさん,弟さん,Adik laki-laki (orang)
いもうとさん,妹さん,Adik perempuan (orang)
むすめさん,娘さん,Anak perempuan (orang)
なんにん,何人,Berapa orang?
KELUARGA & HUBUNGAN SOSIAL,,
こ,子,Anak
むすこ,息子,Anak laki-laki
むすめ,娘,Anak perempuan
KATEGORI ORANG & GENDER,,
じょせい,女性,Perempuan
だんせい,男性,Laki-laki
おとこ,男,Laki-laki
おんな,女,Perempuan
あかちゃん,赤ちゃん,Bayi
BAHASA & LINGUISTIK,,
〜ご,〜語,Bahasa~
えいご,英語,Bahasa inggris
ちゅうごくご,中国語,Bahasa mandarin
インドネシアご,インドネシア語,Bahasa indonesia
マレーシアご,マレーシア語,Bahasa malaysia
アラビアご,アラビア語,Bahasa arab
スンダご,スンダ語,Bahasa sunda
メラユご,メラユ語,Bahasa melayu
ジャワご,ジャワ語,Bahasa jawa
"TEMPAT, BANGUNAN & FASILITAS",,
こうこう,高校,SMA
がっこう,学校,Sekolah
ちゅうがっこう,中学校,SMP
しょうがっこう,小学校,SD
せんもんがっこう,専門学校,Sekolah kejuruan
だいがく,大学,Universitas
かいしゃ,会社,Perusahaan
かぶしきがいしゃ,株式会社,PT
ようちえん,幼稚園,TK
PAKAIAN & AKSESORIS,,
さいふ,財布,Dompet
かばん,鞄,Tas
ALAT TULIS & PERLENGKAPAN KANTOR,,
ざっし,雑誌,Majalah
しょうせつ,小説,Novel
えんぴつ,鉛筆,Pensil
よみもの,読み物,Buku bacaan
きょうかしょ,教科書,Buku pelajaran
じしょ,辞書,Kamus
じてん,辞典,Kamus
でんしじてん,電子辞典,Kamus elektronik
こくばん,黒板,Papan tulis
しんぶん,新聞,Koran
ほん,本,Buku
ノート,,Buku catatan
ホワイトボード,,Papan tulis
けしゴム,消しゴム,Penghapus
シャープペンシル,,Pensil mekanik
ボールペン,,Pulpen
ALAT ELEKTRONIK & MESIN,,
ラジオ,,Radio
マウス,,Mouse
テレホンカード,,Kartu telepon
キーボード,,Papan ketik
テレビ,,Televisi
スマホ,,Smartphone
デジカメ,,Kamera dijital
カメラ,,Kamera
パソコン,,Laptop
モニター,,Monitor
コンピューター,,Komputer / PC
DVDプレーヤー,,DVD player
KENDARAAN & TRANSPORTASI,,
くるま,車,Mobil
じてんしゃ,自転車,Sepeda
バイク,,Sepeda motor
オートバイク,,Sepeda motor
MEREK & PERUSAHAAN,,
パナソニック,,Panasonic
トヨタ,豊田,Toyota
ホンダ,本田,Honda
ダイハツ,大発,Daihatsu
シャオミ,,Xiaomi
サムスン,,Samsung
ソニー,,Sony
"HIBURAN, HOBI & OLAHRAGA",,
えいが,映画,Film
おんがく,音楽,Musik
クラシック,,Klasik
ロマンチック,,Romantis
ロック,,Rock
ドラマ,,Drama / sinetron
ホラー,,Horor
KATA TANYA (GIMONSHI),,
なん・なに,何,Apa
KOSAKATA SERAPAN (KATAKANA),,
ニッサン,日産,Nissan
マーカー,,Spidol
BANGUNAN & RUANGAN,,
けしょうしつ,化粧室,Kamar kecil
トイレ,,Toilet
NEGARA & GEOGRAFI,,
にほんごがっこう,日本語学校,Sekolah bahasa jepang
かんこくご,韓国語,Bahasa korea
にほんご,日本語,Bahasa jepang
,,
BAB 3,,
KANA,KANJI,ARTI
KATA KERJA GOL. 1 (GODAN),,
のみます,飲みます,Minum (tidak minum)
すみません,済みません,Maaf
KATA KERJA GOL. 2 (ICHIDAN),,
たべます,食べます,Makan (tidak makan)
KATA SIFAT -NA (NA-KEIYOUSHI),,
すき,好き,Suka
KATA BENDA VERBAL (SURU-MEISHI),,
ごれんらく,ご連絡,Menghubungi
ごけっこん,ご結婚,Menikah
KELUARGA & HUBUNGAN SOSIAL,,
ごかぞく,ご家族,Keluarga
PROFESI & PEKERJAAN,,
おしごと,お仕事,Pekerjaan
MAKANAN (DAGING & SEAFOOD),,
にく,肉,Daging
〜にく,〜肉,Daging~
ぎゅうにく,牛肉,Daging sapi
ぶたにく,豚肉,Daging babi
とりにく,鶏肉,Daging ayam
さかな,魚,Ikan (hewan air / bahan makanan)
やきとり,焼き鳥,Sate ayam (makanan olahan)
"MAKANAN (SAYURAN, BUMBU & BUAH)",,
はくさい,白菜,Sawi
やさい,野菜,Sayuran
しょうが,生姜,Jahe
ねぎ,葱,Daun bawang
たまねぎ,玉葱,Bawang bombai
あかたまねぎ,赤玉葱,Bawang merah
にんにく,大蒜,Bawang putih
とうがらし,唐辛子,Cabai
わさび,山葵,Wasabi
じゃがいも,じゃが芋,Kentang
きゅうり,胡瓜,Timun
だいこん,大根,Lobak
にんじん,人参,Wortel
キャベツ,,Kubis
トマト,,Tomat
ワイン,,Minuman anggur
ピーマン,,Paprika
MAKANAN (UMUM & OLAHAN),,
なっとう,納豆,Natto
おかし,お菓子,Camilan
すし,寿司,Sushi
うめぼし,梅干し,Umeboshi
たべもの,食べ物,Makanan
そば,蕎麦,Mie soba
てんぷら,天ぷら,Tempura
みそしる,味噌汁,Sup miso
うどん,饂飩,Mie udon
ごはん,ご飯,Nasi
ケーキ,,Kue
カレーライス,,Nasi kare
ヨーグルト,,Yogurt
スープ,,Sup
アイスクリーム,,Es krim
ラーメン,拉麺,Mie ramen
MINUMAN,,
おさけ,お酒,Alkohol
みず,水,Air putih
のみもの,飲み物,Minuman
こうちゃ,紅茶,Teh hitam
おちゃ,お茶,Teh
りょくちゃ,緑茶,Teh hijau jepang
ウーロンちゃ,烏龍茶,Teh ulong
ソフトドリンク,,Minuman ringan
ジュース,,Jus
ビール,,Bir
コーヒー,珈琲,Kopi
ALAT MAKAN & DAPUR,,
おさら,お皿,Piring
おちゃわん,お茶碗,Mangkok
ANGGOTA TUBUH & ANATOMI,,
おなか,お腹,Perut
KONDISI MEDIS & KESEHATAN,,
くすり,薬,Obat
MEREK & PERUSAHAAN,,
コカコーラ,,Cocacola
KONSEP ABSTRAK & IDENTITAS,,
ごあんない,ご案内,Panduan
おなまえ,お名前,Nama
ごいけん,ご意見,Pendapat
KATA KETERANGAN (FUKUSHI) & SAMBUNG,,
だいすき,大好き,Sangat suka
PARTIKEL & UNGKAPAN SALAM,,
ちょっと…,一寸…,(tidak suka)
ごあいさつ,ご挨拶,Salam / sambutan
,,
BAB 4,,
KANA,KANJI,ARTI
KATA KERJA GOL. 1 (GODAN),,
もらいます,貰います,Menerima
あります,有ります,Ada (benda mati)
KATA KERJA GOL. 2 (ICHIDAN),,
います,居ます,Ada (benda hidup)
あげます,上げます,Memberikan
くれます,呉れます,Memberikan
KATA KERJA GOL. 3 (FUKISOKU),,
します,為ます,Melakukan
KELUARGA & HUBUNGAN SOSIAL,,
いま,居間,Ruang keluarga
リビング,,Ruang keluarga
PROFESI & PEKERJAAN,,
だいがくせい,大学生,Mahasiswa
こうちょう,校長,Kepala sekolah
ふくこうちょう,副校長,Wakil kepala sekolah
かちょう,課長,Kepala bagian
ぶちょう,部長,Menejer
しゃちょう,社長,Pimpinan perusahaan
かかりちょう,係長,Kepala seksi
うけつけ,受付,Resepsionis
おきゃくさま,お客様,Pelanggan
うんてんしゅ,運転手,Supir
てんいん,店員,Pegawai toko
かんりにん,管理人,Pengelola
"TEMPAT, BANGUNAN & FASILITAS",,
こうじょう,工場,Pabrik
そうこ,倉庫,Gudang
INFRASTRUKTUR & TATA KOTA,,
はし,橋,Jembatan
"MAKANAN (SAYURAN, BUMBU & BUAH)",,
リンゴジュース,林檎ジュース,Jus apel
オレンジジュース,,Jus jeruk
トマトジュース,,Jus tomat
MAKANAN (UMUM & OLAHAN),,
たまごやき,卵焼き,Telur dadar
すいはんき,炊飯器,Penanak nasi
たまご,卵,Telur
ゆでたまご,茹で卵,Telur rebus
おすし,お寿司,Sushi
さしみ,刺身,Sashimi
あめ,飴,Permen
ぎゅうどん,牛丼,Gyuudon
パン,,Roti
MINUMAN,,
ぎゅうにゅう,牛乳,Susu
ミルク,,Susu
アボカドジュース,,Jus alpukat
アイスコーヒー,,Es kopi
HEWAN & BINATANG,,
ねこ,猫,Kucing
いぬ,犬,Anjing
とり,鳥,Burung
PAKAIAN & AKSESORIS,,
にもつ,荷物,Barang bawaan
てぶくろ,手袋,Sarung tangan
ALAT TULIS & PERLENGKAPAN KANTOR,,
はがき,葉書,Kartu pos
にっき,日記,Catatan harian
ほんだな,本棚,Lemari buku
はさみ,鋏,Gunting
ALAT ELEKTRONIK & MESIN,,
コピーき,コピー機,Mesin fotokopi
れいぞうこ,冷蔵庫,Kulkas
でんわ,電話,Telepon
でんしレンジ,電子レンジ,Microwave
ファックス,,Mesin FAX
ストーブ,,Stobu
ガスコンロ,,Kompor
エアコン,,AC
FURNITUR & PERALATAN RUMAH,,
つくえ,机,Meja
はこ,箱,Kotak
かご,籠,Keranjang
いす,椅子,Kursi
たな,棚,Lemari
まくら,枕,Bantal
ふくろ,袋,Kantong
ふとん,布団,Futon
ソファ,,Sofa
ゴミ,,Sampah
テーブル,,Meja
KENDARAAN & TRANSPORTASI,,
ちゅうしゃじょう,駐車場,Parkir mobil
ちゅうりんじょう,駐輪場,Parkir sepeda
MEREK & PERUSAHAAN,,
コーラ,,Coca cola
SENI & ESTETIKA,,
しゃしん,写真,Foto
PENDIDIKAN & AKADEMIK,,
しけん,試験,Ujian
ACARA & PERAYAAN,,
ねんがじょう,年賀状,Ucapan tahun baru
ANGKA DASAR (1 - 10),,
いち,一,1
に,二,2
さん,三,3
よん,四,4
ご,五,5
ろく,六,6
なな,七,7
はち,八,8
きゅう,九,9
じゅう,十,10
ANGKA BELASAN & PULUHAN,,
じゅういち,十一,11
じゅうに,十二,12
じゅうさん,十三,13
じゅうよん,十四,14
じゅうご,十五,15
にじゅう,二十,20
さんじゅう,三十,30
よんじゅう,四十,40
はちじゅう,八十,80
きゅうじゅうきゅう,九十九,99
ANGKA RATUSAN (~HYAKU),,
ひゃく,百,100
にひゃく,二百,200
さんびゃく,三百,300
よんひゃく,四百,400
ごひゃく,五百,500
ろっぴゃく,六百,600
ななひゃく,七百,700
はっぴゃく,八百,800
きゅうひゃく,九百,900
ANGKA RIBUAN (~SEN),,
せん,千,1000
にせん,二千,2000
さんぜん,三千,3000
よんせん,四千,4000
ごせん,五千,5000
ろくせん,六千,6000
ななせん,七千,7000
はっせん,八千,8000
きゅうせん,九千,9000
ANGKA PULUHAN RIBU & BESAR,,
まん,万,10000
いちまん,一万,10000
おく,億,100000000
SATUAN BENDA UMUM (~TSU),,
ひとつ,一つ,1つ
ふたつ,二つ,2つ
みっつ,三つ,3つ
よっつ,四つ,4つ
いつつ,五つ,5つ
むっつ,六つ,6つ
ななつ,七つ,7つ
やっつ,八つ,8つ
ここのつ,九つ,9つ
とお,十,10つ
SATUAN TINGKAT / LANTAI (~KAI),,
いっかい,一階,Lantai 1
にかい,二階,Lantai 2
さんがい,三階,Lantai 3
よんかい,四階,Lantai 4
ごかい,五階,Lantai 5
ろっかい,六階,Lantai 6
ななかい,七階,Lantai 7
はっかい,八階,Lantai 8
きゅうかい,九階,Lantai 9
じゅっかい,十階,Lantai 10
ANGKA PECAHAN & DESIMAL,,
にてんご,二点五,2.5
さんぶんのに,三分の二,2 / 3 (Dua pertiga)
KATA TANYA (GIMONSHI),,
なんがい？,何階？,Lantai berapa?
いくつ？,幾つ？,Berapa banyak?
ARAH & POSISI SPASIAL,,
ひがし,東,Timur
にし,西,Barat
きた,北,Utara
みなみ,南,Selatan
PARTIKEL & UNGKAPAN SALAM,,
〜ていしょく,〜定食,Menu paket ~
〜えん,〜円,〜円
KOSAKATA SERAPAN (KATAKANA),,
カレー(ライス),,Kare
ホチキス,,Stapler
ペンチ,,Tang
テスト,,Tes
プレゼント,,Hadiah
スパナ,,Kuncing pas / kunci pas
スタッフ,,Staff
ハンバーガー,,Hamburger
ドライバー,,Obeng
BANGUNAN & RUANGAN,,
とけい,時計,Jam dinding
おてあらい,お手洗い,Toilet
いえ,家,Rumah
ごみばこ,ゴミ箱,Tempat sampah
うち,家,Rumah
きょうしつ,教室,Ruang kelas
かいぎしつ,会議室,Ruang rapat
へや,部屋,Kamar
じむしょ,事務所,Ruang kantor
だいどころ,台所,Dapur
げんかん,玄関,Teras rumah
クラス,,Ruang kelas
キッチン,,Dapur
ALAM & LINGKUNGAN,,
せんぷうき,扇風機,Kipas angin
,,
BAB 5,,
KANA,KANJI,ARTI
KATA SIFAT -I (I-KEIYOUSHI),,
いい,良い,Bagus
かわいい,可愛い,Imut
とおい,遠い,Jauh
あかい,赤い,Merah
みじかい,短い,Pendek
たかい,高い,Tinggi; mahal
ちかい,近い,Dekat
とかい,都会,Kota besar
こまかい,細かい,Detail / receh (uang)
やわらかい,柔らかい,Lembut
ながい,長い,Panjang
にがい,苦い,Pahit
おおきい,大きい,Besar
ひくい,低い,Rendah
ちいさい,小さい,Kecil
うるさい,煩い,Berisik / bising
おいしい,美味しい,Enak
むずかしい,難しい,Susah / sulit
いそがしい,忙しい,Sibuk
やさしい,優しい,Baik hati
すずしい,涼しい,Sejuk
きびしい,厳しい,Disiplin / tegas
さびしい,寂しい,Kesepian
ほしい,欲しい,Ingin
めずらしい,珍しい,Aneh / langka
あたらしい,新しい,Baru
うすい,薄い,Tipis
まずい,不味い,Tidak enak*
おそい,遅い,Lambat
ほそい,細い,Kurus / tipis
いたい,痛い,Sakit
かたい,固い,Keras
あつい,厚い,Tebal (dimensi benda pipih)
あつい,暑い,Panas (suhu cuaca / udara)
ふとい,太い,Gemuk
きたない,汚い,Kotor
あまい,甘い,Manis
せまい,狭い,Sempit
さむい,寒い,Dingin
おもい,重い,Berat
はやい,早い / 速い,Cepat
つよい,強い,Kuat
からい,辛い,Pedas
くらい,暗い,Gelap
かるい,軽い,Ringan
あかるい,明るい,Terang
だるい,怠い,Lemas
ふるい,古い,Lama; usang; tua
まるい,丸い,Bulat
わるい,悪い,Jelek
くろい,黒い,Hitam
しろい,白い,Putih
ひろい,広い,Luas
こわい,怖い,Takut / menakutkan
よわい,弱い,Lemah
KATA SIFAT -NA (NA-KEIYOUSHI),,
まあまあ(な),,Lumayan
きれい(な),綺麗(な),Cantik; bersih
けっこう(な),結構(な),Cukup
しずか(な),静か(な),Tenang
ばか(な),馬鹿(な),Bodoh
にぎやか(な),賑やか(な),Ramai
おおき(な),大き(な),Besar
すき(な),好き(な),Suka
げんき(な),元気(な),Sehat / aktif
ちいさ(な),小さ(な),Kecil
だいじ(な),大事(な),Penting
たいせつ(な),大切(な),Penting
しんせつ(な),親切(な),Baik hati
じょうぶ(な),丈夫(な),Kokoh
だいじょうぶ(な),大丈夫(な),Baik-baik saja
わがまま(な),我儘(な),Egois
べんり(な),便利(な),Praktis
きけん(な),危険(な),Bahaya
あんぜん(な),安全(な),Aman
かんたん(な),簡単(な),Mudah
ざんねん(な),残念(な),(rasa kecewa)
へん(な),変(な),Aneh
ふべん(な),不便(な),Tidak praktis
ハンサム(な),,Tampan
きらい,嫌い,Benci
KELUARGA & HUBUNGAN SOSIAL,,
しゅと,首都,Ibu kota
"TEMPAT, BANGUNAN & FASILITAS",,
ゆうびんきょく,郵便局,Kantor pos
としょかん,図書館,Perpustakaan
INFRASTRUKTUR & TATA KOTA,,
バスてい,バス停,Halte bus
くうこう,空港,Bandara
みち,道,Jalan
ひろば,広場,Lapangan
こうえん,公園,Taman
かいだん,階段,Tangga
エスカレーター,,Eskalator
HEWAN & BINATANG,,
どうぶつえん,動物園,Kebun binatang
ANGGOTA TUBUH & ANATOMI,,
たいちょう,体調,Kondisi tubuh
かお,顔,Wajah
まつげ,睫毛,Bulu mata
ひげ,髭,Jenggot
くちひげ,口髭,Kumis
まゆげ,眉毛,Alis
ひざ,膝,Lutut
あし,足,Kaki
ちょうし,調子,Kondisi tubuh
ひじ,肘,Siku
せ,背,Punggung / badan
かた,肩,Bahu
はだ,肌,Kulit
からだ,体,Badan / tubuh
くち,口,Mulut
て,手,Tangan
うで,腕,Lengan
はな,鼻,Hidung
むね,胸,Dada
は,歯,Gigi
くび,首,Leher
ゆび,指,Jari
あたま,頭,Kepala
かみ,髪,Rambut
みみ,耳,Telinga
め,目,Mata
ALAT TULIS & PERLENGKAPAN KANTOR,,
ちず,地図,Peta
ALAT ELEKTRONIK & MESIN,,
けいたい,携帯,HP
SENI & ESTETIKA,,
いろ,色,Warna
KATA TANYA (GIMONSHI),,
どう,,Bagaimana
いかが,如何,Bagaimana
どんな,,(KB) yang bagaimana
KOSAKATA SERAPAN (KATAKANA),,
ジャカルタ,,Jakarta
ジョグジャカルタ,,Yogyakarta
スラバヤ,,Surabaya
バリ,,Bali
ターミナル,,Terminal
メダン,,Medan
バンドン,,Bandung
セマラン,,Semarang
エレベーター,,Elevator
ALAM & LINGKUNGAN,,
バリとう,バリ島,Pulau Bali
ジャワとう,ジャワ島,Pulau Jawa
き,木,Pohon
はな,花,Bunga
しま,島,Pulau
やま,山,Gunung
かわ,川,Sungai
BANGUNAN & RUANGAN,,
たてもの,建物,Bangunan
のりば,乗り場,Tempat naik (taksi)
ばしょ,場所,Tempat
ところ,所,Tempat
えいがかん,映画館,Gedung bioskop
ビル,,Gedung / bangunan
NEGARA & GEOGRAFI,,
せかい,世界,Dunia
しやくしょ,市役所,Balai kota
,,
BAB 6,,
KANA,KANJI,ARTI
KATA KERJA GOL. 1 (GODAN),,
かいます,買います,Membeli
あらいます,洗います,Mencuci
いきます,行きます,Pergi
はたらきます,働きます,Bekerja
シャワーをあびます,シャワーを浴びます,Mandi
やすみます,休みます,Libur
よみます,読みます,Membaca
うります,売ります,Menjual
かえります,帰ります,Pulang
もどります,戻ります,Kembali
はじまります,始まります,Mulai
おわります,終ります,Selesai
KATA KERJA GOL. 2 (ICHIDAN),,
うえます,植えます,Menanam
おきます,起きます,Bangun tidur
でかけます,出かけます,Pergi
ねます,寝ます,Tidur
KATA KERJA GOL. 3 (FUKISOKU),,
きます,来ます,Datang
あんないします,案内します,Memandu
うんどうします,運動します,Olah raga
ねぼうします,寝坊します,Bangun siang
べんきょうします,勉強します,Belajar
えいぎょうします,営業します,Beroperasi
さぎょうします,作業します,Kerja
ざんぎょうします,残業します,Lembur
せんたくします,洗濯します,Mencuci baju
そうじします,掃除します,Bersih-bersih
しょくじします,食事します,Makan
しごとします,仕事します,Bekerja
かいものします,買い物します,Belanja
さんぽします,散歩します,Jalan-jalan
りょうりします,料理します,Memasak
ゆっくりします,,Bersantai
おいのりします,お祈りします,Berdoa
ごろごろします,,Bermalas-malasan
つりをします,釣りをする,Memancing
ジョギングします,,Jogging
スポーツします,,Berolahraga
KATA BENDA VERBAL (SURU-MEISHI),,
しょくじ,食事,Makan
"TEMPAT, BANGUNAN & FASILITAS",,
しょくどう,食堂,Kantin
はたけ,畑,Sawah / ladang
みせ,店,Toko
たんぼ,田んぼ,Sawah
〜や,〜屋,Kedai~
いざかや,居酒屋,Bar
たいしかん,大使館,Kantor kedutaan
カフェ,,Kafe
デパート,,Pasar raya
コンビニ,,Minimarket
レストラン,,Restoran
スーパー,,Supermarket
MAKANAN (DAGING & SEAFOOD),,
いか,烏賊,Cumi-cumi
うなぎ,鰻,Belut
たこ,蛸,Gurita
かに,蟹,Kepiting
えび,蝦 / 海老,Udang
"MAKANAN (SAYURAN, BUMBU & BUAH)",,
らっかせい,落花生,Kacang tanah
ぶどう,葡萄,Anggur
かき,柿,Kesemek
いちご,苺,Stroberi
りんご,林檎,Apel
なし,梨,Pir
くだもの,果物,Buah-buahan
うめ,梅,Buah ume
えだまめ,枝豆,Kacang edamame
もも,桃,Buah persik
どんぐり,団栗,Kacang donguri
みかん,蜜柑,Jeruk
スイカ,西瓜,Semangka
ピーナツ,,Kacang
バナナ,,Pisang
パイナップル,,Nanas
メロン,,Melon
マンゴー,,Mangga
チェリー,,Ceri
MAKANAN (UMUM & OLAHAN),,
ちゅうしょく,昼食,Makan siang
ゆうしょく,夕食,Makan malam
ちょうしょく,朝食,Makan pagi
すしや,すし屋,Kedai sushi
パンや,パン屋,Toko roti
ラーメンや,ラーメン屋,Kedai ramen
あさごはん,朝ごはん,Sarapan
ひるごはん,昼ごはん,Makan siang
ばんごはん,晩ごはん,Makan malam
ランチ,,Makan siang
MINUMAN,,
きっさてん,喫茶店,Kedai teh
HEWAN & BINATANG,,
うさぎ,兎,Kelinci
やぎ,山羊,Kambing
うし,牛,Sapi
いのしし,猪,Babi hutan
むし,虫,Serangga
ぶた,豚,Babi
どうぶつ,動物,Binatang
へび,蛇,Ular
うま,馬,Kuda
くま,熊,Beruang
あり,蟻,Semut
にわとり,鶏,Ayam
かえる,蛙,Katak
ALAT ELEKTRONIK & MESIN,,
いちじ,１時,Jam 1
にじ,２時,Jam 2
さんじ,３時,Jam 3
よじ,４時,Jam 4
ごじ,５時,Jam 5
ろくじ,６時,Jam 6
しちじ,７時,Jam 7
はちじ,８時,Jam 8
くじ,９時,Jam 9
じゅうじ,１０時,Jam 10
じゅういちじ,１１時,Jam 11
じゅうにじ,１２時,Jam 12
なんじ？,何時？,Jam berapa?
FURNITUR & PERALATAN RUMAH,,
ボックス,,Kotak
キャビネット,,Lemari kabinet
ダンボール,段ボール,Kardus
KENDARAAN & TRANSPORTASI,,
ひこうき,飛行機,Pesawat
でんしゃ,電車,Kereta
しんかんせん,新幹線,Kereta cepat
バス,,Bus
モノレール,,Monorel
タクシー,,Taksi
"HIBURAN, HOBI & OLAHRAGA",,
コンサート,,Konser
ACARA & PERAYAAN,,
かんげいかい,歓迎会,Acara penyambutan
そうべつかい,送別会,Acara perpisahan
ぼうねんかい,忘年会,Acara akhir tahun
はなみ,花見,Hanami
"WAKTU (JAM, MENIT, DETIK)",,
いっぷん,１分,1 menit
にふん,２分,2 menit
さんぷん,３分,3 menit
よんぷん,４分,4 menit
ごふん,５分,5 menit
ろっぷん,６分,6 menit
ななふん,７分,7 menit
はっぷん,８分,8 menit
きゅうふん,９分,9 menit
じゅっぷん,１０分,10 menit
じゅういっぷん,１１分,11 menit
じゅうごふん,１５分,15 menit
さんじゅっぷん,３０分,30 menit
びょう,秒,Detik
なんびょう？,何秒？,Berapa detik?
なんぷん？,何分？,Berapa menit?
WAKTU & PENANGGALAN (HARI),,
すいようび,水曜日,Rabu
かようび,火曜日,Selasa
もくようび,木曜日,Kamis
げつようび,月曜日,Senin
どようび,土曜日,Sabtu
きんようび,金曜日,Jumat
なんようび？,何曜日？,Hari apa?
WAKTU & PENANGGALAN (TANGGAL),,
ついたち,１日,Tanggal 1
ふつか,２日,Tanggal 2
みっか,３日,Tanggal 3
よっか,４日,Tanggal 4
いつか,五日,Tanggal 5
むいか,６日,Tanggal 6
なのか,７日,Tanggal 7
ようか,８日,Tanggal 8
ここのか,９日,Tanggal 9
とおか,１０日,Tanggal 10
じゅういちにち,１１日,Tanggal 11
じゅうににち,１２日,Tanggal 12
じゅうさんにち,１３日,Tanggal 13
じゅうよっか,１４日,Tanggal 14
じゅうごにち,１５日,Tanggal 15
じゅうしちにち,１７日,Tanggal 17
じゅうくにち,１９日,Tanggal 19
はつか,２０日,Tanggal 20
にじゅういちにち,２１日,Tanggal 21
にじゅうににち,２２日,Tanggal 22
にじゅうよっか,２４日,Tanggal 24
にじゅうしちにち,２７日,Tanggal 27
にじゅうくにち,２９日,Tanggal 29
さんじゅうにち,３０日,Tanggal 30
さんじゅういちにち,３１日,Tanggal 31
にちようび,日曜日,Minggu
なんにち？,何日？,Tanggal berapa?
WAKTU & PENANGGALAN (BULAN),,
じゅうがつ,１０月,Oktober
くがつ,９月,September
ろくがつ,６月,Juni
ごがつ,５月,Mei
しがつ,４月,April
いちがつ,１月,Januari
じゅういちがつ,１１月,November
しちがつ,７月,Juli
はちがつ,８月,Agustus
にがつ,２月,Februari
じゅうにがつ,１２月,Desember
さんがつ,３月,Maret
KETERANGAN WAKTU (MASA LAMPAU),,
せんせんしゅう,先々週,2 minggu yang lalu
おととし,一昨年,2 tahun lalu
さきおととい,一昨昨日,3 hari yang lalu
おととい,一昨日,Kemarin lalu
きのう,昨日,Kemarin
せんしゅう,先週,Minggu lalu
このまえ,この前,Sebelumnya
さっき,,Baru saja
きのうのあさ,昨日の朝,Kemarin pagi
むかし,昔,Dahulu
せんしゅうのどようび,先週の土曜日,Sabtu minggu lalu
きょねん,去年,Tahun lalu
KETERANGAN WAKTU (SEKARANG & MASA DEPAN),,
さらいしゅう,再来週,2 minggu depan
しあさって,明々後日,3 hari lagi
らいしゅう,来週,Minggu depan
こんしゅう,今週,Minggu ini
きょう,今日,Hari ini
まえ,前,Depan
もうすぐ,,Sebentar lagi
けさ,今朝,Pagi ini
ことし,今年,Tahun ini
あした,明日,Besok
あさって,明後日,Besok lusa
そのあと,その後,Setelah itu
こんど,今度,Berikutnya
いま,今,Sekarang
いまから,今から,Sekarang
これから,,Setelah ini
らいねん,来年,Tahun depan
こんばん,今晩,Malam ini
KETERANGAN WAKTU TAMBAHAN,,
よなか,夜中,Tengah malam
あさ,朝,Pagi
ゆうがた,夕方,Sore
ひるやすみ,昼休み,Istirahat siang
ひる,昼,Siang
よる,夜,Malam
ばん,晩,Malam
KATA TANYA (GIMONSHI),,
いつ,,Kapan
どうして,,Kenapa / mengapa
ARAH & POSISI SPASIAL,,
うえ,上,Atas
なか,中,Dalam / tengah
みぎ,右,Kanan
おく,奥,Dalam
よこ,横,Samping / Sebelah (sejajar horizontal)
した,下,Bawah
そと,外,Luar
そば,側 / 傍,Dekat / Sekitar (radius dekat)
ひだり,左,Kiri
となり,隣,Sebelah
ごろ,,Sekitar~
うしろ,後ろ,Belakang
KATA KETERANGAN (FUKUSHI) & SAMBUNG,,
すぐ(すぐに),直ぐ(直ぐに),Segera
ぜったい,絶対,Pasti
しょうしょう,少々,Sedikit
つぎ,次,Berikutnya
はやく,早く / 速く,Dengan cepat
かならず,必ず,Pasti
きっと,,Pasti
ずっと,,Terus menerus
べつべつに,別々に,Masing-masing
いっしょに,一緒に,Bersama-sama
ぜひ,是非,Pasti
たぶん,多分,Mungkin
PARTIKEL & UNGKAPAN SALAM,,
〜まえ,〜前,~ sebelumnya
KOSAKATA SERAPAN (KATAKANA),,
ココナッツ,,Kelapa
KOSA KATA LAINNYA,,
はん,半,Setengah
ALAM & LINGKUNGAN,,
さらいげつ,再来月,2 bulan depan
せんせんげつ,先々月,2 bulan lalu
はなびたいかい,花火大会,Acara kembang api
ちきゅう,地球,Bumi
ちか,地下,Bawah tanah
らいげつ,来月,Bulan depan
こんげつ,今月,Bulan ini
せんげつ,先月,Bulan lalu
ちかてつ,地下鉄,Kereta bawah tanah
ふね,船,Kapal laut
うみ,海,Laut / pantai
もり,森,Hutan
じめん,地面,Permukaan tanah
なんがつ？,何月？,Bulan apa?
BANGUNAN & RUANGAN,,
にわ,庭,Halaman
たいいくかん,体育館,Gedung olah raga
びじゅつかん,美術館,Gedung kesenian
ベッド,,Tempat tidur
WAKTU (JAM & MENIT),,
ごご,午後,PM
ゆうべ,夕べ,Kemarin malam
ごぜん,午前,AM
きのうのばん,昨日の晩,Kemarin malam
,,
BAB 7,,
KANA,KANJI,ARTI
KATA KERJA GOL. 1 (GODAN),,
いいます,言います,Bicara
つかいます,使います,Menggunakan
もっていきます,持って行きます,Membawa pergi
おきます,置きます,Meletakkan
かきます,書きます,Menulis
ききます,聞きます,Mendengar
もってきます,持って来ます,Datang membawa
およぎます,泳ぎます,Berenang
まちます,待ちます,Menunggu
もちます,持ちます,Memegang
しにます,死にます,Meninggal
あそびます,遊びます,Bermain
はいります,入ります,Masuk
きります,切ります,Memotong
つくります,作ります,Membuat
とります,取ります,Mengambil
KATA KERJA GOL. 2 (ICHIDAN),,
きがえます,着替えます,Ganti baju
きます,着ます,Mengenakan (baju)
できます,出来ます,Bisa melakukan
あけます,開けます,Membuka
かたづけます,片付けます,Merapikan
みせます,見せます,Memperlihatkan
おちます,落ちます,Jatuh
すてます,捨てます,Membuang
ならべます,並べます,Menjejerkan
みます,見ます,Melihat
しめます,閉めます,Menutup
かります,借ります,Meminjam
いれます,入れます,Memasukkan
KATA KERJA GOL. 3 (FUKISOKU),,
ちゅういします,注意します,Memperingatkan
しょうかいします,紹介します,Memperkenalkan
しんぱいします,心配します,Khawatir
しゅっちょうします,出張します,Dinas keluar
かします,貸します,Meminjamkan
さがします,探します,Mencari
とうちゃくします,到着します,Tiba
しゅっぱつします,出発します,Berangkat
はなします,話します,Berbicara
じゅんびします,準備します,Mempersiapkan
しゅうりします,修理します,Memperbaiki
はっけんします,発見します,Menemukan
うんてんします,運転します,Mengendarai
"MAKANAN (SAYURAN, BUMBU & BUAH)",,
こしょう,胡椒,Merica
MAKANAN (UMUM & OLAHAN),,
しお,塩,Garam
ALAT MAKAN & DAPUR,,
ほうちょう,包丁,Pisau besar
はし,箸,Sumpit
わりばし,割り箸,Sumpit belah
なべ,鍋,Panci
フォーク,,Garpu
ナイフ,,Pisau
コップ,,Gelas
スプーン,,Sendok
ANGGOTA TUBUH & ANATOMI,,
はみがきこ,歯磨き粉,Pasta gigi
はブラシ,歯ブラシ,Sikat gigi
ALAT TULIS & PERLENGKAPAN KANTOR,,
きって,切手,Perangko
きっぷ,切符,Tiket
かみ,紙,Kertas
てがみ,手紙,Surat
えんぴつけずり,鉛筆削り,Rautan pensil
ふせん,付箋,Stiky note
ALAT ELEKTRONIK & MESIN,,
じゅうでんき,充電器,Pengisi daya
でんたく,電卓,Kalkulator
FURNITUR & PERALATAN RUMAH,,
だんぼう,暖房,Pemanas ruangan
ほうき,箒,Sapu
かがみ,鏡,Cermin
せっけん,石鹸,Sabun
タオル,,Handuk
バスタオル,,Handuk mandi
PENDIDIKAN & AKADEMIK,,
ちょうかい,聴解,Pendengaran
しゅくだい,宿題,PR
もんだい,問題,Soal
かんじ,漢字,Aksara kanji
ローマじ,ローマ字,Aksara romawi
ひらがな,平仮名,Aksara hiragana
かいわ,会話,Percakapan
さくぶん,作文,Karangan
カタカナ,片仮名,Aksara katakana
WAKTU & PENANGGALAN (HARI),,
まいしゅう,毎週,Setiap minggu
KETERANGAN WAKTU (SEKARANG & MASA DEPAN),,
まいにち,毎日,Setiap hari
KETERANGAN WAKTU TAMBAHAN,,
まいあさ,毎朝,Setiap pagi
まいとし,毎年,Setiap tahun
まいばん,毎晩,Setiap malam
KATA TANYA (GIMONSHI),,
どうやって,如何やって,Dengan cara apa
KATA KETERANGAN (FUKUSHI) & SAMBUNG,,
だいたい,大体,Biasanya
たいてい,大抵,Biasanya
とくに,特に,Khususnya
いつも,何時も,Selalu
KOSAKATA SERAPAN (KATAKANA),,
リモコン,,Remot
ボタン,,Tombol
フライパン,,Penggorengan
プロジェクター,,Proyektor
カッター,,Pemotong
コンディショナー,,Konsioner
シャンプー,,Sampo
クーラー,,Pendingin rungan
ALAM & LINGKUNGAN,,
まいつき,毎月,Setiap bulan
マッチ,,Korek api
BANGUNAN & RUANGAN,,
まど,窓,Jendela
ドア,,Pintu
トイレットペーパー,,Tisu toilet
,,
BAB 8,,
KANA,KANJI,ARTI
KATA KERJA GOL. 1 (GODAN),,
うたいます,歌います,Bernyanyi
てつだいます,手伝います,Membantu
ならいます,習います,Mempelajari
わらいます,笑います,Tertawa
かきます,描きます,Menggambar
きがつきます,気が付きます,Menyadari
ひきます,弾きます,Bermain (musik)
ぬぎます,脱ぎます,Melepas (baju)
うちます,打ちます,Memukul
たちます,立ちます,Berdiri
よろこびます,喜びます,Berbahagia
まなびます,学びます,Belajar
よびます,呼びます,Memanggil
ゆきがふります,雪が降ります,Turun salju
あめがふります,雨が降ります,Turun hujan
のぼります,登ります,Mendaki (gunung)
やります,遣ります,Melakukan
かわります,変わります,Berubah
KATA KERJA GOL. 2 (ICHIDAN),,
かんがえます,考えます,Memikirkan
おしえます,教えます,Mengajari
こたえます,答えます,Menjawab
おぼえます,覚えます,Mengingat
うけます,受けます,Mengikuti (ujian)
きをつけます,気を付けます,Berhati-hati
たてます,建てます,Mendirikan
くらべます,比べます,Membandingkan
しらべます,調べます,Mencari tahu
あつめます,集めます,Mengumpulkan
KATA KERJA GOL. 3 (FUKISOKU),,
しっぱいします,失敗します,Gagal (ujian)
せつめいします,説明します,Menjelaskan
りょこうします,旅行します,Jalan-jalan / traveling
けんきゅうします,研究します,Meneliti
ふくしゅうします,復習します,Mengulang
れんしゅうします,練習します,Berlatih
そつぎょうします,卒業します,Lulus (sekolah)
こしょうします,故障します,Rusak
けんがくします,見学します,Mengamati
おしゃべりします,お喋りします,Mengobrol
ちゅうもんします,注文します,Memesan
しつもんします,質問します,Bertanya
KATA BENDA VERBAL (SURU-MEISHI),,
かいもの,買い物,Belanja
どくしょ,読書,Membaca
りょうり,料理,Memasak
スポーツ,,Olah raga
KATA GANTI ORANG & SUBJEK,,
しりあい,知り合い,Kenalan
どうりょう,同僚,Rekan kerja
あいて,相手,Lawan /  lawan bicara
なかま,仲間,Rekan /  kawan
KELUARGA & HUBUNGAN SOSIAL,,
ゆうじん,友人,Teman dekat
PROFESI & PEKERJAAN,,
おきゃくさん,お客さん,Pelanggan
ALAT TULIS & PERLENGKAPAN KANTOR,,
マンガ,漫画,(membaca) komik
KETERANGAN WAKTU TAMBAHAN,,
あき,秋,Musim gugur
なつ,夏,Musim panas
ふゆ,冬,Musim dingin
はる,春,Musim semi
KOSAKATA SERAPAN (KATAKANA),,
アニメ,,(nonton) anime
,,
BAB 9,,
KANA,KANJI,ARTI
KATA KERJA GOL. 1 (GODAN),,
あいます,会います,Bertemu
あいます,合います,Cocok
つきあいます,付き合います,Berpacaran
おこないます,行います,Menyelenggarakan
おもいます,思います,Memikirkan
かよいます,通います,Pergi (PP)
まよいます,迷います,Bingung
はらいます,払います,Membayar
あじわいます,味わいます,Mencicipi
あきます,空きます,Kosong
いきます,生きます,Hidup
さきます,咲きます,Mekar
すきます,空きます,Kosong
ひきます,引きます,Menarik
ふきます,吹きます,Bertiup
ひらきます,開きます,Membuka
とじます,閉じます,Menutup
かちます,勝ちます,Menang
とびます,飛びます,Terbang
えらびます,選びます,Memilih
いります,要ります,Membutuhkan
とおります,通ります,Melewati
おくります,送ります,Mengantar
なぐります,殴ります,Memukul
けります,蹴ります,Menendang
はしります,走ります,Berlari
としをとります,年を取ります,Menjadi tua
かぶります,被ります,Memakai (topi)
きまります,決まります,Diputuskan
こまります,困ります,Kesulitan
たまります,溜まります,Bertumpuk
KATA KERJA GOL. 2 (ICHIDAN),,
むかえます,迎えます,Menjemput
まけます,負けます,Kalah
わけます,分けます,Membagi
さげます,下げます,Menurunkan
にげます,逃げます,Kabur
きめます,決めます,Memutuskan
やめます,辞めます,Berhenti
KATA KERJA GOL. 3 (FUKISOKU),,
おします,押します,Menekan
たおします,倒します,Meroboh
けんかします,喧嘩します,Bertengkar
ながします,流します,Mengalirkan
よやくします,予約します,Reservasi
こんやくします,婚約します,Bertunangan
けします,消します,Menghapus
はずします,外します,Melepas
たします,足します,Menambah
だします,出します,Mengeluarkan
おとします,落とします,Menjatuhkan
もどします,戻します,Mengembalikan
はなします,離します,Melepaskan
こわします,壊します,Merusakkan
けっこんします,結婚します,Menikah
KELUARGA & HUBUNGAN SOSIAL,,
フレンド,,Teman
ボーイフレンド,,Pacar cowok
ガールフレンド,,Pacar perempuan
PAKAIAN & AKSESORIS,,
ぼうし,帽子,Topi
ヒジャブ,,Hijab
ALAT ELEKTRONIK & MESIN,,
スイッチ,,Saklar
"HIBURAN, HOBI & OLAHRAGA",,
しあい,試合,Pertandingan
おもちゃ,玩具,Mainan
フェスティバル,,Festival
PENDIDIKAN & AKADEMIK,,
べんきょうかい,勉強会,Belajar kelompok
ぶんしょう,文章,Bacaan
じ,字,Huruf
ぶん,文,Kalimat
れいぶん,例文,Contoh kalimat
ACARA & PERAYAAN,,
〜まつり,〜祭り,Perayaan ~
なつまつり,夏祭り,Perayaan musim panas
イベント,,Even / acara
PARTIKEL & UNGKAPAN SALAM,,
〜たいかい,〜大会,Turnamen ~
KOSAKATA SERAPAN (KATAKANA),,
ビジネス,,Bisnis
レベル,,Level
ALAM & LINGKUNGAN,,
ゆきまつり,雪祭り,Perayaan salju
,,
BAB 10,,
KANA,KANJI,ARTI
KATA KERJA GOL. 1 (GODAN),,
ちがう,違う,Salah / berbeda
あしをくじく,足を挫く,Keseleo
かぜをひく,風邪を引く,Masuk angin
すいます,吸います,Menghisap
うごきます,動きます,Bergerak
はきます,履きます,Memakai (sepatu)
むきます,剥きます,Mengupas
いそぎます,急ぎます,Terburu-buru
うみます,生みます,Melahirkan
まがります,曲がります,Berbelok
わたります,渡ります,Menyeberang
なくなります,無くなります,Hilang
うまくなります,上手くなります,Menjadi mahir
とまります,止まります,Berhenti / menginap
さわります,触ります,Memegang
こむ,混む,Penuh sesak
すむ,住む,Tinggal
かかる,掛かる,Membutuhkan~
びょうきにかかる,病気に掛かる,Sakit
インフルエンザにかかる,インフルエンザに掛かる,Terkena flu
わかる,分かる,Mengerti
しる,知る,Mengetahui
のる,乗る,Menaiki
おりる,降りる,Menuruni
KATA KERJA GOL. 2 (ICHIDAN),,
かえます,変えます,Mengubah
かけます,掛けます,Menggantungkan
つけます,点けます,Menyalakan
つけます,付けます,Mengoleskan
よごれます,汚れます,Kotor
わすれます,忘れます,Melupakan
なれます,慣れます,Terbiasa
うまれます,生まれます,Lahir
こわれます,壊れます,Rusak
まちがえる,間違える,Melakukan kesalahan
せきがでる,咳が出る,Batuk
はなみずがでる,鼻水が出る,Pilek
KATA KERJA GOL. 3 (FUKISOKU),,
おれいします,お礼します,Berterimakasih
おいわいします,お祝いします,Merayakan
かえします,返します,Mengembalikan
なくします,無くします,Menghilangkan
せつやくします,節約します,Berhemat
よごします,汚します,Mengotori
おもいだします,思い出します,Mengingat
かんしゃします,感謝します,Berterimakasih
おろします,降ろします,Menarik (uang)
まわします,回します,Memutar
かくにんします,確認します,Memastikan
めまいがする,目眩が為る,Pusing
おとがする,音が為る,Bersuara
おひきだしをする,お引き出しを為る,Menarik uang
しごとをする,仕事を為る,Bekerja
つりをする,釣りを為る,Memancing
アルバイトをする,アルバイトを為る,Kerja paruh waktu
KATA SIFAT -I (I-KEIYOUSHI),,
こい,濃い,Kental
すごい,凄い,Hebat
おかしい,可笑しい,Aneh
すばらしい,素晴らしい,Hebat
つめたい,冷たい,Dingin
あつい,熱い,Panas (suhu benda / objek)
つまらない,詰まらない,Membosankan
くらい,位,Kira-kira
おもしろい,面白い,Menarik
KATA SIFAT -NA (NA-KEIYOUSHI),,
らく(な),楽(な),Senang
たいへん(な),大変(な),Berat
KATA GANTI ORANG & SUBJEK,,
だれか,誰か,Seseorang
だれでも,誰でも,Siapapun
INFRASTRUKTUR & TATA KOTA,,
しんごう,信号,Lampu lalu lintas
KONDISI MEDIS & KESEHATAN,,
けんこう,健康,Kesehatan
けんこうほけんしょう,健康保険証,Asuransi kesehatan
ALAT ELEKTRONIK & MESIN,,
いちじかん,一時間,1 jam
にじかん,二時間,2 jam
さんじかん,三時間,3 jam
よじかん,四時間,4 jam
ごじかん,五時間,5 jam
ろくじかん,六時間,6 jam
しちじかん,七時間,7 jam
はちじかん,八時間,8 jam
くじかん,九時間,9 jam
じゅうじかん,十時間,10 jam
せんたくき,洗濯機,Mesin cuci
なんじかん？,何時間？,Berapa jam?
FURNITUR & PERALATAN RUMAH,,
そうじき,掃除機,Vakum cleaner
SENI & ESTETIKA,,
ぞう,像,Patung
え,絵,Lukisan / Gambar (karya visual)
"HIBURAN, HOBI & OLAHRAGA",,
きょく,曲,Lagu / Melodi (komposisi musik)
うた,歌,Lagu (vokal / nyanyian)
EKONOMI & FINANSIAL,,
けいざい,経済,Ekonomi
あんしょうばんごう,暗証番号,PIN
きんがく,金額,Jumlah uang
げんきん,現金,Cash
KONSEP ABSTRAK & IDENTITAS,,
ほんとう,本当,Benar-benar
"WAKTU (JAM, MENIT, DETIK)",,
いっぷん,一分,1 menit
にふん,二分,2 menit
さんぷん,三分,3 menit
よんぷん,四分,4 menit
ごふん,五分,5 menit
ろっぷん,六分,6 menit
ななふん,七分,7 menit
はっぷん,八分,8 menit
きゅうふん,九分,9 menit
じゅっぷん,十分,10 menit
さんじゅっぷん,三十分,30 menit
WAKTU & PENANGGALAN (HARI),,
いっしゅうかん,一週間,1 minggu
にしゅうかん,二週間,2 minggu
さんしゅうかん,三週間,3 minggu
よんしゅうかん,四週間,4 minggu
ごしゅうかん,五週間,5 minggu
ろくしゅうかん,六週間,6 minggu
ななしゅうかん,七週間,7 minggu
はっしゅうかん,八週間,8 minggu
きゅうしゅうかん,九週間,9 minggu
じゅっしゅうかん,十週間,10 minggu
なんしゅうかん？,何週間？,Berapa minggu?
WAKTU & PENANGGALAN (TANGGAL),,
いつか,何時か,Suatu saat
KETERANGAN WAKTU (SEKARANG & MASA DEPAN),,
しょうらい,将来,Masa depan
みらい,未来,Masa depan
ANGKA DASAR (1 - 10),,
いちねん(かん),一年(間),1 tahun
にねん(かん),二年(間),2 tahun
さんねん(かん),三年(間),3 tahun
よねん(かん),四年(間),4 tahun
ごねん(かん),五年(間),5 tahun
ろくねん(かん),六年(間),6 tahun
ななねん(かん),七年(間),7 tahun
はちねん(かん),八年(間),8 tahun
きゅうねん(かん),九年(間),9 tahun
じゅうねん(かん),十年(間),10 tahun
KATA TANYA (GIMONSHI),,
なにか,何か,Sesuatu
どこでも,何処でも,Dimanapun
いつでも,何時でも,Kapanpun
なんでも,何でも,Apapun
なんねん(かん)？,何年(間)？,Berapa tahun?
ARAH & POSISI SPASIAL,,
かど,角,Pojok
KATA KETERANGAN (FUKUSHI) & SAMBUNG,,
ぐらい,位,Kira-kira
どのく,何の位？ / どの位？,Seberapa?
PARTIKEL & UNGKAPAN SALAM,,
きんえん,禁煙,Dilarang merokok
KOSAKATA SERAPAN (KATAKANA),,
クレジットカード,,Kartu kredit
キャッシュカード,,Kartu ATM
ALAM & LINGKUNGAN,,
いっかげつ,一ヶ月,1 bulan
にかげつ,二ヶ月,2 bulan
さんかげつ,三ヶ月,3 bulan
よんかげつ,四ヶ月,4 bulan
ごかげつ,五ヶ月,5 bulan
ろっかげつ,六ヶ月,6 bulan
ななかげつ,七ヶ月,7 bulan
はちかげつ,八ヶ月,8 bulan
きゅうかげつ,九ヶ月,9 bulan
じゅっかげつ,十ヶ月,10 bulan
いけばな,生け花,Seni merangkai bunga
なんかげつ？,何ヶ月？,Berapa bulan?
BANGUNAN & RUANGAN,,
どこか,何処か,Suatu tempat
うりば,売り場,Tempat jualan